                  epoch,         train/box_loss,         train/cls_loss,         train/dfl_loss,   metrics/precision(B),      metrics/recall(B),       metrics/mAP50(B),    metrics/mAP50-95(B),           val/box_loss,           val/cls_loss,           val/dfl_loss,                 lr/pg0,                 lr/pg1,                 lr/pg2
                      1,                 1.5479,                  2.725,                 1.3782,                0.77499,                0.04121,                0.29012,                0.14467,                  1.408,                 3.1626,                 1.2116,             0.00053932,             0.00053932,             0.00053932
                      2,                 1.4311,                 1.7868,                 1.2323,                0.85084,                0.17729,                0.54601,                0.31639,                 1.4143,                 2.6672,                 1.2325,             0.00087818,             0.00087818,             0.00087818
                      3,                 1.3581,                 1.5023,                 1.2127,                0.70504,                0.53596,                0.65885,                0.39903,                 1.4914,                 1.8886,                 1.3288,               0.000997,               0.000997,               0.000997
                      4,                 1.2938,                 1.3577,                 1.1779,                0.78516,                0.72313,                0.79957,                0.47296,                 1.3572,                  1.432,                 1.2086,              0.0006768,              0.0006768,              0.0006768
                      5,                  1.274,                 1.2355,                  1.154,                0.81182,                0.78393,                0.85027,                0.53122,                  1.266,                 1.2516,                 1.1647,             0.00034674,             0.00034674,             0.00034674
